<?xml version="1.0" encoding="ISO-8859-1"?>
<questestinterop xmlns="http://www.imsglobal.org/xsd/ims_qtiasiv1p2" xmlns:xsi="http://www.w3.org/2001/XMLSchema-instance" xsi:schemaLocation="http://www.imsglobal.org/xsd/ims_qtiasiv1p2 http://www.imsglobal.org/xsd/ims_qtiasiv1p2p1.xsd">
  <assessment ident="szil4dhunmgwehqhmmsprew562qcs0le4" title="Myers Chapter 1">
    <qtimetadata>
      <qtimetadatafield>
        <fieldlabel>cc_maxattempts</fieldlabel>
        <fieldentry>1</fieldentry>
      </qtimetadatafield>
    </qtimetadata>
    <section ident="root_section">
      <item ident="aleqjf33yxdiclaonwavpnqac293xjhvf" title="In contrast to explicit, conscious">
        <itemmetadata>
          <qtimetadata>
            <qtimetadatafield>
              <fieldlabel>question_type</fieldlabel>
              <fieldentry>multiple_choice_question</fieldentry>
            </qtimetadatafield>
            <qtimetadatafield>
              <fieldlabel>points_possible</fieldlabel>
              <fieldentry>2</fieldentry>
            </qtimetadatafield>
            <qtimetadatafield>
              <fieldlabel>assessment_question_identifierref</fieldlabel>
              <fieldentry>c8fa00qln8xhiliepvuvvs49bswdb4y46</fieldentry>
            </qtimetadatafield>
          </qtimetadata>
        </itemmetadata>
        <presentation>
          <material>
            <mattext texttype="text/html">In contrast to explicit, conscious reasoning, an effortless and immediate automatic judgment is best described as a(n) </mattext>
          </material>
          <response_lid ident="response1" rcardinality="Single">
            <render_choice>
              <response_label ident="1000">
                <material>
                  <mattext texttype="text/plain">intuition. </mattext>
                </material>
              </response_label>
              <response_label ident="1001">
                <material>
                  <mattext texttype="text/plain">hindsight bias. </mattext>
                </material>
              </response_label>
              <response_label ident="1002">
                <material>
                  <mattext texttype="text/plain">evidence-based conclusion. </mattext>
                </material>
              </response_label>
              <response_label ident="1003">
                <material>
                  <mattext texttype="text/plain">chance-based explanation. </mattext>
                </material>
              </response_label>
            </render_choice>
          </response_lid>
        </presentation>
        <resprocessing>
          <outcomes>
            <decvar maxvalue="100" minvalue="0" varname="SCORE" vartype="Decimal"/>
          </outcomes>
          <respcondition continue="No">
            <conditionvar>
              <varequal respident="response1">1000</varequal>
            </conditionvar>
            <setvar action="Set" varname="SCORE">100</setvar>
          </respcondition>
        </resprocessing>
      </item>
      <item ident="sthuwvzppouhfeskdhcrfxl7x0rxjg7gh" title="Mark meets briefly with applicants for">
        <itemmetadata>
          <qtimetadata>
            <qtimetadatafield>
              <fieldlabel>question_type</fieldlabel>
              <fieldentry>multiple_choice_question</fieldentry>
            </qtimetadatafield>
            <qtimetadatafield>
              <fieldlabel>points_possible</fieldlabel>
              <fieldentry>2</fieldentry>
            </qtimetadatafield>
            <qtimetadatafield>
              <fieldlabel>assessment_question_identifierref</fieldlabel>
              <fieldentry>qzjeyl66az5ssdtey8uus9amdvhojsoi6</fieldentry>
            </qtimetadatafield>
          </qtimetadata>
        </itemmetadata>
        <presentation>
          <material>
            <mattext texttype="text/html">Mark meets briefly with applicants for positions in his company and relies on his immediate gut-level first impressions in deciding whether to offer them a job. Mark's employment decisions are most clearly guided by </mattext>
          </material>
          <response_lid ident="response1" rcardinality="Single">
            <render_choice>
              <response_label ident="2000">
                <material>
                  <mattext texttype="text/plain">an empirical approach. </mattext>
                </material>
              </response_label>
              <response_label ident="2001">
                <material>
                  <mattext texttype="text/plain">intuition. </mattext>
                </material>
              </response_label>
              <response_label ident="2002">
                <material>
                  <mattext texttype="text/plain">hindsight bias. </mattext>
                </material>
              </response_label>
              <response_label ident="2003">
                <material>
                  <mattext texttype="text/plain">critical thinking. </mattext>
                </material>
              </response_label>
            </render_choice>
          </response_lid>
        </presentation>
        <resprocessing>
          <outcomes>
            <decvar maxvalue="100" minvalue="0" varname="SCORE" vartype="Decimal"/>
          </outcomes>
          <respcondition continue="No">
            <conditionvar>
              <varequal respident="response1">2001</varequal>
            </conditionvar>
            <setvar action="Set" varname="SCORE">100</setvar>
          </respcondition>
        </resprocessing>
      </item>
      <item ident="drtr5u1idq991q188twngfb7s3qlg9f26" title="The hindsight bias refers to people's">
        <itemmetadata>
          <qtimetadata>
            <qtimetadatafield>
              <fieldlabel>question_type</fieldlabel>
              <fieldentry>multiple_choice_question</fieldentry>
            </qtimetadatafield>
            <qtimetadatafield>
              <fieldlabel>points_possible</fieldlabel>
              <fieldentry>2</fieldentry>
            </qtimetadatafield>
            <qtimetadatafield>
              <fieldlabel>assessment_question_identifierref</fieldlabel>
              <fieldentry>3kcrx67ffa6365c673t84jc38isav8zvy</fieldentry>
            </qtimetadatafield>
          </qtimetadata>
        </itemmetadata>
        <presentation>
          <material>
            <mattext texttype="text/html">The hindsight bias refers to people's tendency to </mattext>
          </material>
          <response_lid ident="response1" rcardinality="Single">
            <render_choice>
              <response_label ident="3000">
                <material>
                  <mattext texttype="text/plain">dismiss the value of skepticism. </mattext>
                </material>
              </response_label>
              <response_label ident="3001">
                <material>
                  <mattext texttype="text/plain">overestimate the extent to which others share their opinions. </mattext>
                </material>
              </response_label>
              <response_label ident="3002">
                <material>
                  <mattext texttype="text/plain">reject any ideas that can't be scientifically tested. </mattext>
                </material>
              </response_label>
              <response_label ident="3003">
                <material>
                  <mattext texttype="text/plain">exaggerate their ability to have foreseen an outcome. </mattext>
                </material>
              </response_label>
            </render_choice>
          </response_lid>
        </presentation>
        <resprocessing>
          <outcomes>
            <decvar maxvalue="100" minvalue="0" varname="SCORE" vartype="Decimal"/>
          </outcomes>
          <respcondition continue="No">
            <conditionvar>
              <varequal respident="response1">3003</varequal>
            </conditionvar>
            <setvar action="Set" varname="SCORE">100</setvar>
          </respcondition>
        </resprocessing>
      </item>
      <item ident="gnipzevx92rkx8l39km49tsfp13uoayw1" title="The perception that psychological">
        <itemmetadata>
          <qtimetadata>
            <qtimetadatafield>
              <fieldlabel>question_type</fieldlabel>
              <fieldentry>multiple_choice_question</fieldentry>
            </qtimetadatafield>
            <qtimetadatafield>
              <fieldlabel>points_possible</fieldlabel>
              <fieldentry>2</fieldentry>
            </qtimetadatafield>
            <qtimetadatafield>
              <fieldlabel>assessment_question_identifierref</fieldlabel>
              <fieldentry>2dq2diimg8671tyuqcw8psfcsuggt5308</fieldentry>
            </qtimetadatafield>
          </qtimetadata>
        </itemmetadata>
        <presentation>
          <material>
            <mattext texttype="text/html">The perception that psychological research findings merely verify our commonsense understanding is most clearly facilitated by </mattext>
          </material>
          <response_lid ident="response1" rcardinality="Single">
            <render_choice>
              <response_label ident="4000">
                <material>
                  <mattext texttype="text/plain">hindsight bias. </mattext>
                </material>
              </response_label>
              <response_label ident="4001">
                <material>
                  <mattext texttype="text/plain">critical thinking. </mattext>
                </material>
              </response_label>
              <response_label ident="4002">
                <material>
                  <mattext texttype="text/plain">the scientific attitude. </mattext>
                </material>
              </response_label>
              <response_label ident="4003">
                <material>
                  <mattext texttype="text/plain">curious skepticism. </mattext>
                </material>
              </response_label>
            </render_choice>
          </response_lid>
        </presentation>
        <resprocessing>
          <outcomes>
            <decvar maxvalue="100" minvalue="0" varname="SCORE" vartype="Decimal"/>
          </outcomes>
          <respcondition continue="No">
            <conditionvar>
              <varequal respident="response1">4000</varequal>
            </conditionvar>
            <setvar action="Set" varname="SCORE">100</setvar>
          </respcondition>
        </resprocessing>
      </item>
      <item ident="6n3jxmp3wv9zldn5r2nvkq6qcaf0b8mk9" title="Giving half the members of a group some">
        <itemmetadata>
          <qtimetadata>
            <qtimetadatafield>
              <fieldlabel>question_type</fieldlabel>
              <fieldentry>multiple_choice_question</fieldentry>
            </qtimetadatafield>
            <qtimetadatafield>
              <fieldlabel>points_possible</fieldlabel>
              <fieldentry>2</fieldentry>
            </qtimetadatafield>
            <qtimetadatafield>
              <fieldlabel>assessment_question_identifierref</fieldlabel>
              <fieldentry>dr2h83qkoysntmb2lkqjsfi0nya6k6obm</fieldentry>
            </qtimetadatafield>
          </qtimetadata>
        </itemmetadata>
        <presentation>
          <material>
            <mattext texttype="text/html">Giving half the members of a group some purported psychological finding and the other half an opposite finding is an easy way to demonstrate the impact of </mattext>
          </material>
          <response_lid ident="response1" rcardinality="Single">
            <render_choice>
              <response_label ident="5000">
                <material>
                  <mattext texttype="text/plain">an empirical approach. </mattext>
                </material>
              </response_label>
              <response_label ident="5001">
                <material>
                  <mattext texttype="text/plain">hindsight bias. </mattext>
                </material>
              </response_label>
              <response_label ident="5002">
                <material>
                  <mattext texttype="text/plain">skeptical scrutiny. </mattext>
                </material>
              </response_label>
              <response_label ident="5003">
                <material>
                  <mattext texttype="text/plain">risk prediction. </mattext>
                </material>
              </response_label>
            </render_choice>
          </response_lid>
        </presentation>
        <resprocessing>
          <outcomes>
            <decvar maxvalue="100" minvalue="0" varname="SCORE" vartype="Decimal"/>
          </outcomes>
          <respcondition continue="No">
            <conditionvar>
              <varequal respident="response1">5001</varequal>
            </conditionvar>
            <setvar action="Set" varname="SCORE">100</setvar>
          </respcondition>
        </resprocessing>
      </item>
      <item ident="t0ha0nqvrewp50tvfvyimhd3ger4om6h3" title="Professor Smith told one class that">
        <itemmetadata>
          <qtimetadata>
            <qtimetadatafield>
              <fieldlabel>question_type</fieldlabel>
              <fieldentry>multiple_choice_question</fieldentry>
            </qtimetadatafield>
            <qtimetadatafield>
              <fieldlabel>points_possible</fieldlabel>
              <fieldentry>2</fieldentry>
            </qtimetadatafield>
            <qtimetadatafield>
              <fieldlabel>assessment_question_identifierref</fieldlabel>
              <fieldentry>3hk31yo4ssfq58lttg229auqui2g1sdyw</fieldentry>
            </qtimetadatafield>
          </qtimetadata>
        </itemmetadata>
        <presentation>
          <material>
            <mattext texttype="text/html">Professor Smith told one class that drinking alcohol has been found to increase sexual desire. He informed another class that drinking alcohol has been found to reduce sexual appetite. The fact that neither class was surprised by the information they received best illustrates the power of </mattext>
          </material>
          <response_lid ident="response1" rcardinality="Single">
            <render_choice>
              <response_label ident="6000">
                <material>
                  <mattext texttype="text/plain">curious skepticism. </mattext>
                </material>
              </response_label>
              <response_label ident="6001">
                <material>
                  <mattext texttype="text/plain">hindsight bias. </mattext>
                </material>
              </response_label>
              <response_label ident="6002">
                <material>
                  <mattext texttype="text/plain">cause-effect conclusions. </mattext>
                </material>
              </response_label>
              <response_label ident="6003">
                <material>
                  <mattext texttype="text/plain">critical thinking. </mattext>
                </material>
              </response_label>
            </render_choice>
          </response_lid>
        </presentation>
        <resprocessing>
          <outcomes>
            <decvar maxvalue="100" minvalue="0" varname="SCORE" vartype="Decimal"/>
          </outcomes>
          <respcondition continue="No">
            <conditionvar>
              <varequal respident="response1">6001</varequal>
            </conditionvar>
            <setvar action="Set" varname="SCORE">100</setvar>
          </respcondition>
        </resprocessing>
      </item>
    </section>
  </assessment>
</questestinterop>
