﻿<?xml version="1.0" encoding="UTF-8"?>
<manifest identifier="man000001" xmlns="http://www.imsglobal.org/xsd/imsccv1p1/imscp_v1p1" xmlns:lom="http://ltsc.ieee.org/xsd/imsccv1p1/LOM/resource" xmlns:imsmd="http://www.imsglobal.org/xsd/imsmd_v1p2" xsi:schemaLocation="http://www.imsglobal.org/xsd/imsccv1p1/imscp_v1p1 http://www.imsglobal.org/xsd/imscp_v1p1.xsd http://ltsc.ieee.org/xsd/imsccv1p1/LOM/resource http://www.imsglobal.org/profile/cc/ccv1p1/LOM/ccv1p1_lomresource_v1p0.xsd http://www.imsglobal.org/xsd/imsmd_v1p2 http://www.imsglobal.org/xsd/imsmd_v1p2p2.xsd" xmlns:xsi="http://www.w3.org/2001/XMLSchema-instance">
  <organizations />
  <metadata>
    <schema>IMS Content</schema>
    <schemaversion>1.2</schemaversion>
    <imsmd:lom>
      <imsmd:general>
        <imsmd:title>
          <imsmd:string>Chapter %s: Multiple Choice</imsmd:string>
        </imsmd:title>
      </imsmd:general>
    </imsmd:lom>
  </metadata>
  <resources>
    <resource identifier="res000001" type="imsqti_xmlv1p2" href="questions.xml">
      <file href="questions.xml" />
      <dependency identifierref="%s" />
    </resource>
  </resources>
</manifest>