<item ident="%s" title="%s">
        <itemmetadata>
          <qtimetadata>
            <qtimetadatafield>
              <fieldlabel>question_type</fieldlabel>
              <fieldentry>multiple_choice_question</fieldentry>
            </qtimetadatafield>
            <qtimetadatafield>
              <fieldlabel>points_possible</fieldlabel>
              <fieldentry>2</fieldentry>
            </qtimetadatafield>
            <qtimetadatafield>
          <fieldlabel>assessment_question_identifierref</fieldlabel>
              <fieldentry>%s</fieldentry>
            </qtimetadatafield>
          </qtimetadata>
        </itemmetadata>
        <presentation>
          <material>
            <mattext texttype="text/html">%s</mattext>
          </material>
          <response_lid ident="response1" rcardinality="Single">
            <render_choice>
              <response_label ident="%s">
                <material>
                  <mattext texttype="text/plain">%s</mattext>
                </material>
              </response_label>
              <response_label ident="%s">
                <material>
                  <mattext texttype="text/plain">%s</mattext>
                </material>
              </response_label>
              <response_label ident="%s">
                <material>
                  <mattext texttype="text/plain">%s</mattext>
                </material>
              </response_label>
              <response_label ident="%s">
                <material>
                  <mattext texttype="text/plain">%s</mattext>
                </material>
              </response_label>
            </render_choice>
          </response_lid>
        </presentation>
        <resprocessing>
          <outcomes>
            <decvar maxvalue="100" minvalue="0" varname="SCORE" vartype="Decimal"/>
          </outcomes>
          <respcondition continue="No">
            <conditionvar>
              <varequal respident="response1">%s</varequal>
            </conditionvar>
            <setvar action="Set" varname="SCORE">100</setvar>
          </respcondition>
        </resprocessing>
      </item>
