<?xml version="1.0" encoding="ISO-8859-1"?>
<questestinterop xmlns="http://www.imsglobal.org/xsd/ims_qtiasiv1p2" xmlns:xsi="http://www.w3.org/2001/XMLSchema-instance" xsi:schemaLocation="http://www.imsglobal.org/xsd/ims_qtiasiv1p2 http://www.imsglobal.org/xsd/ims_qtiasiv1p2p1.xsd">
  <assessment ident="3rvz31p05ms0xa1jwu4f8uiccrx9ioh5b" title="Myers Chapter 2">
    <qtimetadata>
      <qtimetadatafield>
        <fieldlabel>cc_maxattempts</fieldlabel>
        <fieldentry>1</fieldentry>
      </qtimetadatafield>
    </qtimetadata>
    <section ident="root_section">
      <item ident="39frtbekwn9zyhi24eg5uw58p10mk53jc" title="The ancient Greek philosopher Plato">
        <itemmetadata>
          <qtimetadata>
            <qtimetadatafield>
              <fieldlabel>question_type</fieldlabel>
              <fieldentry>multiple_choice_question</fieldentry>
            </qtimetadatafield>
            <qtimetadatafield>
              <fieldlabel>points_possible</fieldlabel>
              <fieldentry>2</fieldentry>
            </qtimetadatafield>
            <qtimetadatafield>
              <fieldlabel>assessment_question_identifierref</fieldlabel>
              <fieldentry>nbmjrhho7wof1jr6vr39e4pxdoh8owxdv</fieldentry>
            </qtimetadatafield>
          </qtimetadata>
        </itemmetadata>
        <presentation>
          <material>
            <mattext texttype="text/html">The ancient Greek philosopher Plato located the mind in the</mattext>
          </material>
          <response_lid ident="response1" rcardinality="Single">
            <render_choice>
              <response_label ident="1000">
                <material>
                  <mattext texttype="text/plain">heart.</mattext>
                </material>
              </response_label>
              <response_label ident="1001">
                <material>
                  <mattext texttype="text/plain">thyroid gland.</mattext>
                </material>
              </response_label>
              <response_label ident="1002">
                <material>
                  <mattext texttype="text/plain">stomach.</mattext>
                </material>
              </response_label>
              <response_label ident="1003">
                <material>
                  <mattext texttype="text/plain">head.</mattext>
                </material>
              </response_label>
            </render_choice>
          </response_lid>
        </presentation>
        <resprocessing>
          <outcomes>
            <decvar maxvalue="100" minvalue="0" varname="SCORE" vartype="Decimal"/>
          </outcomes>
          <respcondition continue="No">
            <conditionvar>
              <varequal respident="response1">1003</varequal>
            </conditionvar>
            <setvar action="Set" varname="SCORE">100</setvar>
          </respcondition>
        </resprocessing>
      </item>
      <item ident="gfgcj8r3dhqombf1c7kxbz1kv5qrwsyay" title="Phrenology highlighted the presumed">
        <itemmetadata>
          <qtimetadata>
            <qtimetadatafield>
              <fieldlabel>question_type</fieldlabel>
              <fieldentry>multiple_choice_question</fieldentry>
            </qtimetadatafield>
            <qtimetadatafield>
              <fieldlabel>points_possible</fieldlabel>
              <fieldentry>2</fieldentry>
            </qtimetadatafield>
            <qtimetadatafield>
              <fieldlabel>assessment_question_identifierref</fieldlabel>
              <fieldentry>rc1uqv1p6crm3tb8y7tnoytvhba4luef9</fieldentry>
            </qtimetadatafield>
          </qtimetadata>
        </itemmetadata>
        <presentation>
          <material>
            <mattext texttype="text/html">Phrenology highlighted the presumed functions of</mattext>
          </material>
          <response_lid ident="response1" rcardinality="Single">
            <render_choice>
              <response_label ident="2000">
                <material>
                  <mattext texttype="text/plain">the myelin sheath.</mattext>
                </material>
              </response_label>
              <response_label ident="2001">
                <material>
                  <mattext texttype="text/plain">endorphins.</mattext>
                </material>
              </response_label>
              <response_label ident="2002">
                <material>
                  <mattext texttype="text/plain">synaptic gaps.</mattext>
                </material>
              </response_label>
              <response_label ident="2003">
                <material>
                  <mattext texttype="text/plain">specific brain regions.</mattext>
                </material>
              </response_label>
            </render_choice>
          </response_lid>
        </presentation>
        <resprocessing>
          <outcomes>
            <decvar maxvalue="100" minvalue="0" varname="SCORE" vartype="Decimal"/>
          </outcomes>
          <respcondition continue="No">
            <conditionvar>
              <varequal respident="response1">2003</varequal>
            </conditionvar>
            <setvar action="Set" varname="SCORE">100</setvar>
          </respcondition>
        </resprocessing>
      </item>
      <item ident="s6ozbzykphid2lgtyrzi7aysujoxsvjnt" title="The person most likely to suggest that">
        <itemmetadata>
          <qtimetadata>
            <qtimetadatafield>
              <fieldlabel>question_type</fieldlabel>
              <fieldentry>multiple_choice_question</fieldentry>
            </qtimetadatafield>
            <qtimetadatafield>
              <fieldlabel>points_possible</fieldlabel>
              <fieldentry>2</fieldentry>
            </qtimetadatafield>
            <qtimetadatafield>
              <fieldlabel>assessment_question_identifierref</fieldlabel>
              <fieldentry>fhcrioqtpur35iq2cscmq68jclgx1xzky</fieldentry>
            </qtimetadatafield>
          </qtimetadata>
        </itemmetadata>
        <presentation>
          <material>
            <mattext texttype="text/html">The person most likely to suggest that the shape of a person's skull indicates the extent to which that individual is argumentative and aggressive would be a</mattext>
          </material>
          <response_lid ident="response1" rcardinality="Single">
            <render_choice>
              <response_label ident="3000">
                <material>
                  <mattext texttype="text/plain">neurologist.</mattext>
                </material>
              </response_label>
              <response_label ident="3001">
                <material>
                  <mattext texttype="text/plain">phrenologist.</mattext>
                </material>
              </response_label>
              <response_label ident="3002">
                <material>
                  <mattext texttype="text/plain">psychoanalyst.</mattext>
                </material>
              </response_label>
              <response_label ident="3003">
                <material>
                  <mattext texttype="text/plain">behavior geneticist.</mattext>
                </material>
              </response_label>
            </render_choice>
          </response_lid>
        </presentation>
        <resprocessing>
          <outcomes>
            <decvar maxvalue="100" minvalue="0" varname="SCORE" vartype="Decimal"/>
          </outcomes>
          <respcondition continue="No">
            <conditionvar>
              <varequal respident="response1">3001</varequal>
            </conditionvar>
            <setvar action="Set" varname="SCORE">100</setvar>
          </respcondition>
        </resprocessing>
      </item>
      <item ident="fu22dds4ckprl1czoec3hr08s3dl44kyw" title="Although phrenology incorrectly">
        <itemmetadata>
          <qtimetadata>
            <qtimetadatafield>
              <fieldlabel>question_type</fieldlabel>
              <fieldentry>multiple_choice_question</fieldentry>
            </qtimetadatafield>
            <qtimetadatafield>
              <fieldlabel>points_possible</fieldlabel>
              <fieldentry>2</fieldentry>
            </qtimetadatafield>
            <qtimetadatafield>
              <fieldlabel>assessment_question_identifierref</fieldlabel>
              <fieldentry>7utdmv645ub6enh0962ag487rleso1kt0</fieldentry>
            </qtimetadatafield>
          </qtimetadata>
        </itemmetadata>
        <presentation>
          <material>
            <mattext texttype="text/html">Although phrenology incorrectly suggested that bumps on the skull revealed a person's character traits, phrenology did succeed in focusing attention on</mattext>
          </material>
          <response_lid ident="response1" rcardinality="Single">
            <render_choice>
              <response_label ident="4000">
                <material>
                  <mattext texttype="text/plain">synaptic gaps.</mattext>
                </material>
              </response_label>
              <response_label ident="4001">
                <material>
                  <mattext texttype="text/plain">the localization of function.</mattext>
                </material>
              </response_label>
              <response_label ident="4002">
                <material>
                  <mattext texttype="text/plain">endorphins.</mattext>
                </material>
              </response_label>
              <response_label ident="4003">
                <material>
                  <mattext texttype="text/plain">action potentials.</mattext>
                </material>
              </response_label>
            </render_choice>
          </response_lid>
        </presentation>
        <resprocessing>
          <outcomes>
            <decvar maxvalue="100" minvalue="0" varname="SCORE" vartype="Decimal"/>
          </outcomes>
          <respcondition continue="No">
            <conditionvar>
              <varequal respident="response1">4001</varequal>
            </conditionvar>
            <setvar action="Set" varname="SCORE">100</setvar>
          </respcondition>
        </resprocessing>
      </item>
      <item ident="ngrz230pnhmm3euzwwkl7ai7r0sqxx0ow" title="A focus on the links between brain">
        <itemmetadata>
          <qtimetadata>
            <qtimetadatafield>
              <fieldlabel>question_type</fieldlabel>
              <fieldentry>multiple_choice_question</fieldentry>
            </qtimetadatafield>
            <qtimetadatafield>
              <fieldlabel>points_possible</fieldlabel>
              <fieldentry>2</fieldentry>
            </qtimetadatafield>
            <qtimetadatafield>
              <fieldlabel>assessment_question_identifierref</fieldlabel>
              <fieldentry>5yi2iq0i8ox4a54cvm9ocrkd4e1jm3twi</fieldentry>
            </qtimetadatafield>
          </qtimetadata>
        </itemmetadata>
        <presentation>
          <material>
            <mattext texttype="text/html">A focus on the links between brain activity and behavior is most characteristic of psychologists who work from a ________ perspective.</mattext>
          </material>
          <response_lid ident="response1" rcardinality="Single">
            <render_choice>
              <response_label ident="5000">
                <material>
                  <mattext texttype="text/plain">behavioral</mattext>
                </material>
              </response_label>
              <response_label ident="5001">
                <material>
                  <mattext texttype="text/plain">psychodynamic</mattext>
                </material>
              </response_label>
              <response_label ident="5002">
                <material>
                  <mattext texttype="text/plain">biological</mattext>
                </material>
              </response_label>
              <response_label ident="5003">
                <material>
                  <mattext texttype="text/plain">cognitive</mattext>
                </material>
              </response_label>
            </render_choice>
          </response_lid>
        </presentation>
        <resprocessing>
          <outcomes>
            <decvar maxvalue="100" minvalue="0" varname="SCORE" vartype="Decimal"/>
          </outcomes>
          <respcondition continue="No">
            <conditionvar>
              <varequal respident="response1">5002</varequal>
            </conditionvar>
            <setvar action="Set" varname="SCORE">100</setvar>
          </respcondition>
        </resprocessing>
      </item>
      <item ident="4firo1jn3tw8uwolcw3iuhw431auw3slq" title="Dr. Wolski conducts research on the">
        <itemmetadata>
          <qtimetadata>
            <qtimetadatafield>
              <fieldlabel>question_type</fieldlabel>
              <fieldentry>multiple_choice_question</fieldentry>
            </qtimetadatafield>
            <qtimetadatafield>
              <fieldlabel>points_possible</fieldlabel>
              <fieldentry>2</fieldentry>
            </qtimetadatafield>
            <qtimetadatafield>
              <fieldlabel>assessment_question_identifierref</fieldlabel>
              <fieldentry>su2sdrsrrsxtjb75gfxwewg5id44c1fbi</fieldentry>
            </qtimetadatafield>
          </qtimetadata>
        </itemmetadata>
        <presentation>
          <material>
            <mattext texttype="text/html">Dr. Wolski conducts research on the potential relationship between neurotransmitter deficiencies and mood states. Dr. Wolski's research focus is most characteristic of</mattext>
          </material>
          <response_lid ident="response1" rcardinality="Single">
            <render_choice>
              <response_label ident="6000">
                <material>
                  <mattext texttype="text/plain">phrenology.</mattext>
                </material>
              </response_label>
              <response_label ident="6001">
                <material>
                  <mattext texttype="text/plain">social psychology.</mattext>
                </material>
              </response_label>
              <response_label ident="6002">
                <material>
                  <mattext texttype="text/plain">the biological perspective.</mattext>
                </material>
              </response_label>
              <response_label ident="6003">
                <material>
                  <mattext texttype="text/plain">psychoanalysis.</mattext>
                </material>
              </response_label>
            </render_choice>
          </response_lid>
        </presentation>
        <resprocessing>
          <outcomes>
            <decvar maxvalue="100" minvalue="0" varname="SCORE" vartype="Decimal"/>
          </outcomes>
          <respcondition continue="No">
            <conditionvar>
              <varequal respident="response1">6002</varequal>
            </conditionvar>
            <setvar action="Set" varname="SCORE">100</setvar>
          </respcondition>
        </resprocessing>
      </item>
    </section>
  </assessment>
</questestinterop>
